Time Horizon,Starting Age,Mean Final Value,Median Final Value,10th Percentile,90th Percentile
10 Years,25.0,112194.07963676116,100775.33397993335,47650.06459501089,184075.0181768044
7.5 Years,27.5,76446.1168911779,67145.32783623398,32580.725215982136,133118.44009246494
5 Years,30.0,51480.24007907089,47271.34628624392,22008.602823210203,86094.35997728836
